date,rule,severity,details
2023-01-24,R1_transfers_exceed_custody,warning,"transferred=47, custody=42"
2023-01-25,R1_transfers_exceed_custody,warning,"transferred=41, custody=22"
2023-01-30,R4_large_hhs_change,review,3.63% per day over 1 day(s)
2023-02-02,R1_transfers_exceed_custody,warning,"transferred=23, custody=13"
2023-02-14,R4_large_hhs_change,review,4.16% per day over 1 day(s)
2023-02-22,R1_transfers_exceed_custody,warning,"transferred=230, custody=215"
2023-02-23,R1_transfers_exceed_custody,warning,"transferred=178, custody=162"
2023-03-01,R1_transfers_exceed_custody,warning,"transferred=193, custody=158"
2023-03-14,R4_large_hhs_change,review,3.21% per day over 1 day(s)
2023-04-03,R1_transfers_exceed_custody,warning,"transferred=168, custody=139"
2023-04-24,R4_large_hhs_change,review,3.48% per day over 1 day(s)
2023-04-25,R1_transfers_exceed_custody,warning,"transferred=242, custody=230"
2023-05-04,R1_transfers_exceed_custody,warning,"transferred=286, custody=253"
2023-05-17,R1_transfers_exceed_custody,warning,"transferred=193, custody=162"
2023-05-18,R1_transfers_exceed_custody,warning,"transferred=152, custody=122"
2023-05-23,R1_transfers_exceed_custody,warning,"transferred=94, custody=66"
2023-05-29,R1_transfers_exceed_custody,warning,"transferred=71, custody=60"
2023-05-31,R1_transfers_exceed_custody,warning,"transferred=82, custody=80"
2023-06-11,R1_transfers_exceed_custody,warning,"transferred=168, custody=152"
2023-06-12,R1_transfers_exceed_custody,warning,"transferred=136, custody=118"
2023-06-13,R1_transfers_exceed_custody,warning,"transferred=117, custody=64"
2023-06-15,R1_transfers_exceed_custody,warning,"transferred=97, custody=75"
2023-06-20,R4_large_hhs_change,review,3.96% per day over 1 day(s)
2023-07-05,R1_transfers_exceed_custody,warning,"transferred=230, custody=215"
2023-07-06,R1_transfers_exceed_custody,warning,"transferred=178, custody=162"
2023-07-12,R1_transfers_exceed_custody,warning,"transferred=193, custody=158"
2023-07-18,R4_large_hhs_change,review,3.65% per day over 1 day(s)
2023-07-25,R4_large_hhs_change,review,4.02% per day over 1 day(s)
2023-08-01,R4_large_hhs_change,review,3.88% per day over 1 day(s)
2023-08-09,R1_transfers_exceed_custody,warning,"transferred=168, custody=139"
2023-09-06,R1_transfers_exceed_custody,warning,"transferred=242, custody=230"
2023-09-17,R1_transfers_exceed_custody,warning,"transferred=286, custody=253"
2023-09-28,R1_transfers_exceed_custody,warning,"transferred=193, custody=162"
2023-10-01,R1_transfers_exceed_custody,warning,"transferred=152, custody=122"
2023-10-04,R1_transfers_exceed_custody,warning,"transferred=94, custody=66"
2023-10-10,R1_transfers_exceed_custody,warning,"transferred=71, custody=60"
2023-10-12,R1_transfers_exceed_custody,warning,"transferred=82, custody=80"
2023-10-23,R1_transfers_exceed_custody,warning,"transferred=168, custody=152"
2023-10-24,R1_transfers_exceed_custody,warning,"transferred=136, custody=118"
2023-10-25,R1_transfers_exceed_custody,warning,"transferred=117, custody=64"
2023-10-29,R1_transfers_exceed_custody,warning,"transferred=97, custody=75"
2023-11-02,R1_transfers_exceed_custody,warning,"transferred=256, custody=208"
2023-11-12,R1_transfers_exceed_custody,warning,"transferred=233, custody=160"
2023-11-14,R1_transfers_exceed_custody,warning,"transferred=182, custody=181"
2023-11-15,R1_transfers_exceed_custody,warning,"transferred=201, custody=157"
2023-11-26,R1_transfers_exceed_custody,warning,"transferred=205, custody=196"
2023-12-04,R1_transfers_exceed_custody,warning,"transferred=256, custody=208"
2023-12-11,R1_transfers_exceed_custody,warning,"transferred=233, custody=160"
2023-12-13,R1_transfers_exceed_custody,warning,"transferred=182, custody=181"
2023-12-14,R1_transfers_exceed_custody,warning,"transferred=201, custody=157"
2023-12-25,R1_transfers_exceed_custody,warning,"transferred=205, custody=196"
2024-01-04,R1_transfers_exceed_custody,warning,"transferred=168, custody=152"
2024-01-07,R1_transfers_exceed_custody,warning,"transferred=136, custody=118"
2024-01-08,R1_transfers_exceed_custody,warning,"transferred=117, custody=64"
2024-01-09,R4_large_hhs_change,review,-3.71% per day over 1 day(s)
2024-01-10,R1_transfers_exceed_custody,warning,"transferred=97, custody=75"
2024-01-11,R4_large_hhs_change,review,-3.44% per day over 1 day(s)
2024-01-24,R1_transfers_exceed_custody,warning,"transferred=205, custody=196"
2024-01-30,R1_transfers_exceed_custody,warning,"transferred=208, custody=198"
2024-02-12,R1_transfers_exceed_custody,warning,"transferred=440, custody=430"
2024-02-13,R4_large_hhs_change,review,3.16% per day over 1 day(s)
2024-03-19,R1_transfers_exceed_custody,warning,"transferred=256, custody=202"
2024-04-28,R1_transfers_exceed_custody,warning,"transferred=365, custody=349"
2024-05-15,R1_transfers_exceed_custody,warning,"transferred=341, custody=285"
2024-05-23,R1_transfers_exceed_custody,warning,"transferred=314, custody=272"
2024-06-03,R1_transfers_exceed_custody,warning,"transferred=257, custody=244"
2024-06-12,R1_transfers_exceed_custody,warning,"transferred=274, custody=266"
2024-06-27,R1_transfers_exceed_custody,warning,"transferred=256, custody=208"
2024-07-07,R1_transfers_exceed_custody,warning,"transferred=233, custody=160"
2024-07-09,R1_transfers_exceed_custody,warning,"transferred=182, custody=181"
2024-07-10,R1_transfers_exceed_custody,warning,"transferred=201, custody=157"
2024-07-21,R1_transfers_exceed_custody,warning,"transferred=205, custody=196"
2024-07-25,R1_transfers_exceed_custody,warning,"transferred=208, custody=198"
2024-07-29,R1_transfers_exceed_custody,warning,"transferred=219, custody=210"
2024-07-30,R1_transfers_exceed_custody,warning,"transferred=208, custody=203"
2024-09-13,R1_transfers_exceed_custody,warning,"transferred=212, custody=200"
2024-09-18,R1_transfers_exceed_custody,warning,"transferred=217, custody=213"
2024-10-02,R1_transfers_exceed_custody,warning,"transferred=230, custody=215"
2024-10-03,R1_transfers_exceed_custody,warning,"transferred=178, custody=162"
2024-10-10,R1_transfers_exceed_custody,warning,"transferred=193, custody=158"
2024-11-11,R1_transfers_exceed_custody,warning,"transferred=168, custody=139"
2024-12-03,R1_transfers_exceed_custody,warning,"transferred=242, custody=230"
2024-12-12,R1_transfers_exceed_custody,warning,"transferred=286, custody=253"
2024-12-25,R1_transfers_exceed_custody,warning,"transferred=193, custody=162"
2024-12-26,R1_transfers_exceed_custody,warning,"transferred=152, custody=122"
2025-01-01,R1_transfers_exceed_custody,warning,"transferred=94, custody=66"
2025-01-06,R1_transfers_exceed_custody,warning,"transferred=71, custody=60"
2025-01-08,R1_transfers_exceed_custody,warning,"transferred=82, custody=80"
2025-01-19,R1_transfers_exceed_custody,warning,"transferred=168, custody=152"
2025-01-20,R1_transfers_exceed_custody,warning,"transferred=136, custody=118"
2025-01-21,R1_transfers_exceed_custody,warning,"transferred=117, custody=64"
2025-01-23,R1_transfers_exceed_custody,warning,"transferred=97, custody=75"
2025-01-30,R1_transfers_exceed_custody,warning,"transferred=47, custody=42"
2025-02-02,R1_transfers_exceed_custody,warning,"transferred=41, custody=22"
2025-02-02,R4_large_hhs_change,review,-3.74% per day over 3 day(s)
2025-02-06,R4_large_hhs_change,review,-3.31% per day over 1 day(s)
2025-02-09,R1_transfers_exceed_custody,warning,"transferred=23, custody=13"
2025-02-09,R4_large_hhs_change,review,-3.18% per day over 3 day(s)
2025-02-13,R1_transfers_exceed_custody,warning,"transferred=23, custody=10"
2025-02-27,R1_transfers_exceed_custody,warning,"transferred=17, custody=15"
2025-03-17,R3_zero_flow_value,info,"apprehended=5, transferred=0, discharged=8"
2025-07-09,R3_zero_flow_value,info,"apprehended=2, transferred=0, discharged=32"
2025-07-15,R3_zero_flow_value,info,"apprehended=0, transferred=5, discharged=17"
2025-07-16,R3_zero_flow_value,info,"apprehended=1, transferred=0, discharged=11"
2025-08-10,R3_zero_flow_value,info,"apprehended=0, transferred=8, discharged=12"
2025-11-30,R3_zero_flow_value,info,"apprehended=4, transferred=10, discharged=0"
